CustomerID,PurchaseDate,ProductID,ProductCategory,ProductPrice,Quantity,TotalPrice
1,2024-04-06 03:04:22,P016,Accessories,222.09954453978065,4,888.3981781591225
2,2024-04-29 22:21:13,P011,Clothing,400.0380917045952,2,800.0761834091904
3,2024-04-27 09:00:55,P099,Electronics,959.1021316048348,2,1918.2042632096695
4,2024-04-28 22:35:11,P039,Electronics,400.02426444346105,2,800.0485288869221
5,2024-04-08 14:14:58,P073,Accessories,654.1122125561479,4,2616.448850224592
6,2024-04-10 18:25:56,P046,Clothing,650.4761243716088,2,1300.9522487432175
7,2024-04-05 12:10:20,P095,Clothing,933.2861696884078,3,2799.858509065223
8,2024-04-06 08:59:56,P030,Accessories,267.7436665070698,4,1070.9746660282792
9,2024-04-30 16:20:32,P084,Accessories,858.8778608368511,2,1717.7557216737025
10,2024-04-05 22:45:52,P015,Accessories,960.8441450217668,3,2882.5324350653004
11,2024-04-04 14:39:35,P087,Accessories,156.88577479940324,2,313.7715495988065
12,2024-04-14 19:26:27,P026,Electronics,701.2000627022474,3,2103.6001881067423
13,2024-04-16 10:09:58,P084,Clothing,655.9198421516069,4,2623.6793686064275
14,2024-04-26 07:50:30,P038,Clothing,669.3793352306217,3,2008.1380056918647
15,2024-04-11 16:54:48,P082,Accessories,994.250713573364,2,1988.501427146728
16,2024-04-02 14:58:53,P073,Electronics,861.5933038122084,3,2584.7799114366253
17,2024-04-17 12:55:44,P068,Accessories,384.966067860826,1,384.966067860826
18,2024-04-04 23:06:42,P092,Clothing,623.6063825900231,3,1870.819147770069
19,2024-04-01 12:25:33,P098,Accessories,174.3213591501153,4,697.2854366004613
20,2024-04-26 15:48:30,P062,Accessories,604.12191304138,3,1812.36573912414
21,2024-04-13 19:56:11,P076,Accessories,815.6308125834552,2,1631.2616251669103
22,2024-04-11 03:45:52,P062,Electronics,333.0398693229864,4,1332.1594772919457
23,2024-04-15 23:43:57,P001,Electronics,810.280154804855,3,2430.840464414565
24,2024-04-29 07:42:48,P074,Accessories,849.6117813807781,4,3398.4471255231124
25,2024-04-25 17:21:13,P060,Electronics,50.43565190797379,1,50.43565190797379
26,2024-04-17 01:08:27,P033,Accessories,266.9489990131088,2,533.8979980262176
27,2024-04-05 12:48:24,P071,Electronics,360.3541434199828,1,360.3541434199828
28,2024-04-14 17:54:37,P060,Electronics,553.5703999139121,3,1660.7111997417362
29,2024-04-11 02:51:59,P020,Accessories,886.750422829445,2,1773.50084565889
30,2024-04-28 11:39:32,P045,Electronics,184.609555612416,3,553.8286668372479
31,2024-04-27 01:31:55,P052,Electronics,406.7865343595494,1,406.7865343595494
32,2024-04-13 10:44:36,P098,Electronics,726.8518598901214,3,2180.5555796703643
33,2024-04-11 10:36:07,P012,Accessories,449.8839274073693,2,899.7678548147385
34,2024-04-22 05:29:24,P084,Accessories,759.3906509068865,1,759.3906509068865
35,2024-04-06 14:35:27,P023,Accessories,471.7477054023494,1,471.7477054023494
36,2024-04-23 15:26:57,P072,Accessories,499.51500154913583,1,499.51500154913583
37,2024-04-29 10:29:41,P024,Clothing,761.8958962238246,4,3047.5835848952984
38,2024-04-16 17:54:28,P026,Accessories,334.6084336013664,4,1338.4337344054657
39,2024-04-22 15:03:12,P068,Electronics,462.7442077294373,4,1850.976830917749
40,2024-04-10 02:30:03,P039,Electronics,280.6045605857222,3,841.8136817571666
41,2024-04-20 03:29:49,P086,Electronics,534.304610180361,3,1602.913830541083
42,2024-04-11 13:46:02,P024,Clothing,307.556101247602,4,1230.2244049904075
43,2024-04-24 20:16:43,P038,Electronics,14.362448628938347,4,57.4497945157534
44,2024-04-23 17:48:14,P031,Electronics,667.5889881051885,4,2670.355952420754
45,2024-04-16 17:10:30,P054,Clothing,103.48221784790904,3,310.44665354372705
46,2024-04-19 15:14:18,P023,Clothing,782.1728104749675,2,1564.345620949935
47,2024-04-09 10:14:00,P017,Clothing,953.5319225954802,2,1907.0638451909604
48,2024-04-13 01:17:38,P090,Accessories,235.5457378469021,3,706.6372135407064
49,2024-04-24 07:33:05,P010,Accessories,799.9545340424617,2,1599.909068084923
50,2024-04-24 11:20:08,P076,Electronics,501.3640723442107,3,1504.092217032632
51,2024-04-09 14:04:34,P014,Clothing,687.0716296472913,2,1374.1432592945823
52,2024-04-13 19:48:52,P019,Accessories,924.9669826412286,3,2774.9009479236856
53,2024-04-29 02:46:43,P023,Electronics,806.7424529726898,2,1613.4849059453795
54,2024-04-13 13:20:39,P099,Clothing,620.497396197584,2,1240.994792395168
55,2024-04-27 08:00:45,P036,Clothing,478.854828690508,2,957.709657381016
56,2024-04-27 00:46:43,P012,Electronics,860.7615281638498,3,2582.284584491549
57,2024-04-21 13:11:22,P088,Clothing,163.49965234458045,3,490.49895703374136
58,2024-04-25 18:16:34,P064,Electronics,993.9025295133576,3,2981.7075885400727
59,2024-04-21 07:06:14,P054,Electronics,702.4825045678381,2,1404.9650091356762
60,2024-04-19 13:04:00,P034,Clothing,368.8450189089028,1,368.8450189089028
61,2024-04-16 23:56:25,P005,Electronics,758.4724220017528,4,3033.889688007011
62,2024-04-26 15:20:48,P088,Clothing,903.5366269948472,2,1807.0732539896944
63,2024-04-20 11:47:46,P043,Electronics,943.6958918573702,3,2831.0876755721106
64,2024-04-30 17:00:38,P006,Electronics,453.8138279622154,1,453.8138279622154
65,2024-04-08 13:30:39,P086,Accessories,16.52203474681114,4,66.08813898724456
66,2024-04-02 01:15:05,P050,Clothing,892.9447136801685,2,1785.889427360337
67,2024-04-22 23:12:54,P072,Clothing,184.2563005487438,2,368.5126010974876
68,2024-04-14 06:01:02,P042,Clothing,438.03253080513286,1,438.03253080513286
69,2024-04-23 02:16:07,P020,Clothing,458.1319656278351,1,458.1319656278351
70,2024-04-18 15:36:11,P040,Electronics,798.2216678132177,3,2394.665003439653
71,2024-04-14 18:03:58,P006,Clothing,933.4581590732744,2,1866.9163181465483
72,2024-04-12 11:25:00,P076,Accessories,482.3048802495497,1,482.3048802495497
73,2024-04-16 23:39:29,P073,Electronics,200.123961793275,1,200.123961793275
74,2024-04-20 21:24:39,P023,Electronics,388.02080878147086,1,388.02080878147086
75,2024-04-29 11:10:07,P015,Accessories,357.74064330856874,4,1430.962573234275
76,2024-04-19 14:01:40,P031,Clothing,411.42859993680696,3,1234.285799810421
77,2024-04-28 21:24:21,P068,Clothing,224.57905036079745,3,673.7371510823923
78,2024-04-25 13:24:32,P067,Electronics,530.5283969148003,3,1591.5851907444007
79,2024-04-08 11:21:59,P036,Accessories,13.833947288598814,1,13.833947288598814
80,2024-04-19 20:00:34,P079,Accessories,266.592073892208,4,1066.368295568832
81,2024-04-15 17:44:59,P048,Clothing,365.2495629192183,2,730.4991258384366
82,2024-04-06 16:33:13,P072,Accessories,569.4107995350533,3,1708.23239860516
83,2024-04-10 06:01:07,P098,Clothing,721.6481248130958,4,2886.5924992523837
84,2024-04-23 09:35:35,P017,Electronics,993.8678126590216,1,993.8678126590216
85,2024-04-10 19:00:33,P039,Clothing,382.0373609017357,3,1146.1120827052073
86,2024-04-13 01:11:29,P030,Electronics,599.2298999103583,4,2396.9195996414333
87,2024-04-09 07:25:28,P091,Electronics,341.8296824154013,3,1025.489047246204
88,2024-04-22 14:30:48,P066,Electronics,406.3800646107689,1,406.3800646107689
89,2024-04-12 15:29:36,P033,Electronics,797.449058309166,1,797.449058309166
90,2024-04-23 06:05:33,P072,Accessories,143.95511687404152,1,143.95511687404152
91,2024-04-17 20:03:56,P072,Accessories,156.31736065662946,2,312.6347213132589
92,2024-04-22 21:33:43,P054,Clothing,139.42596404266595,3,418.27789212799786
93,2024-04-24 03:45:33,P067,Electronics,203.3674289767931,3,610.1022869303793
94,2024-04-27 03:13:36,P027,,568.6812633361219,3,1706.0437900083657
95,2024-04-28 12:34:01,P041,Electronics,486.29721126011634,1,486.29721126011634
96,2024-04-26 01:15:59,P008,Accessories,524.617038039338,1,524.617038039338
97,2024-04-16 20:24:41,P019,Clothing,257.3623902019083,1,257.3623902019083
98,2024-04-12 15:08:13,P056,Electronics,117.2520162430714,2,234.5040324861428
99,2024-04-19 04:52:31,P063,Electronics,779.7316416214876,3,2339.194924864463
100,2024-04-26 06:09:54,P057,Electronics,711.0295686874697,3,2133.088706062409
101,2024-04-23 00:38:47,P035,,613.8134189966293,2,1227.6268379932585
102,2024-04-16 04:33:17,P026,Clothing,24.51793835033544,4,98.07175340134177
103,2024-04-26 14:35:45,P001,Clothing,325.534936547279,3,976.604809641837
104,2024-04-29 18:14:26,P074,Accessories,750.0067815439817,4,3000.0271261759267
105,2024-04-16 10:15:30,P048,Clothing,861.1275959242245,3,2583.382787772673
106,2024-04-22 15:53:11,P051,Accessories,795.4958756217511,4,3181.9835024870044
107,2024-04-18 00:34:14,P071,Accessories,596.0634957994819,2,1192.1269915989635
108,2024-04-06 19:35:53,P061,Electronics,976.0706613834792,4,3904.282645533917
109,2024-04-30 21:32:05,P096,Electronics,556.8630812008415,2,1113.726162401683
110,2024-04-14 23:26:10,P088,Accessories,95.8427328169759,4,383.3709312679036
111,2024-04-21 01:43:12,P074,Clothing,751.6830081400883,1,751.6830081400883
112,2024-04-27 19:42:11,P011,Accessories,545.9880812293558,1,545.9880812293558
113,2024-04-23 21:24:38,P062,Electronics,708.7245283477289,4,2834.898113390916
114,2024-04-21 10:15:26,P045,Clothing,248.42140775962895,2,496.842815519258
115,2024-04-12 23:15:02,P055,Electronics,337.480047880786,4,1349.920191523144
116,2024-04-30 21:38:04,P023,Electronics,469.8492764353792,1,469.8492764353792
117,2024-04-09 06:28:47,P013,Electronics,985.9385251304438,3,2957.8155753913315
118,2024-04-10 20:18:30,P079,Electronics,181.63156704873543,4,726.5262681949417
119,2024-04-23 15:43:04,P043,Accessories,177.09404820849966,2,354.1880964169993
120,2024-04-20 08:41:41,P011,Clothing,44.39137599010714,2,88.78275198021429
121,2024-04-06 21:49:14,P021,Accessories,919.8019096586984,2,1839.6038193173963
122,2024-04-18 10:49:03,P008,Electronics,118.55642008253476,1,118.55642008253476
123,2024-04-09 01:58:12,P058,Accessories,531.7156847556334,2,1063.431369511267
124,2024-04-13 05:21:23,P015,Electronics,657.1886817330649,3,1971.5660451991944
125,2024-04-01 09:37:46,P002,Electronics,632.6847177641231,1,632.6847177641231
126,2024-04-25 00:06:21,P070,Clothing,770.6913510279279,2,1541.3827020558558
127,2024-04-16 06:50:46,P017,Electronics,791.2745044853431,3,2373.823513456029
128,2024-04-23 20:41:55,P070,Accessories,800.5636745898196,2,1601.1273491796392
129,2024-04-04 05:26:15,P090,Clothing,220.4730170961648,1,220.4730170961648
130,2024-04-22 15:04:34,P067,Clothing,451.6465114227953,3,1354.9395342683858
131,2024-04-08 16:22:33,P026,Clothing,125.49387244133769,2,250.98774488267532
132,2024-04-21 08:07:20,P005,Clothing,452.59911558013,3,1357.79734674039
133,2024-04-21 08:27:57,P014,Accessories,378.9879999513933,3,1136.96399985418
134,2024-04-23 20:45:16,P053,Accessories,72.63791711684897,1,72.63791711684897
135,2024-04-23 02:39:36,P071,Clothing,259.6503533625043,2,519.3007067250086
136,2024-04-12 22:29:26,P057,Clothing,153.54422882362195,2,307.0884576472439
137,2024-04-27 22:01:17,P086,Accessories,540.8925266140723,3,1622.6775798422168
138,2024-04-01 15:00:48,P094,Electronics,983.128248754258,1,983.128248754258
139,2024-04-21 03:58:37,P067,Accessories,744.1682281404383,4,2976.672912561753
140,2024-04-24 19:49:52,P093,Accessories,569.4817522080549,1,569.4817522080549
141,2024-04-02 20:47:39,P016,Clothing,372.5603252452619,4,1490.2413009810475
142,2024-04-20 15:00:38,P022,Electronics,639.9657789793799,3,1919.89733693814
143,2024-04-16 02:16:04,P004,Electronics,128.44517879072086,2,256.8903575814417
144,2024-04-22 08:15:34,P050,Clothing,622.9945971702062,2,1245.9891943404125
145,2024-04-06 14:02:01,P097,Electronics,614.6083150637082,2,1229.2166301274165
146,2024-04-28 16:42:00,P026,Accessories,667.8718301492241,1,667.8718301492241
147,2024-04-06 22:16:42,P061,Electronics,58.70321871401568,4,234.8128748560627
148,2024-04-13 13:54:29,P032,Clothing,224.0921290895815,4,896.368516358326
149,2024-04-18 05:08:52,P027,Electronics,767.2771950345345,3,2301.831585103604
150,2024-04-09 23:38:58,P014,Clothing,113.01950469174768,4,452.0780187669907
151,2024-04-21 14:22:56,P039,Electronics,572.922064461553,4,2291.688257846212
152,2024-04-29 06:49:15,P027,Clothing,451.9699306400639,4,1807.879722560256
153,2024-04-12 17:57:52,P002,Electronics,511.5850213300896,4,2046.3400853203584
154,2024-04-17 12:20:05,P034,Electronics,327.1243119491888,2,654.2486238983776
155,2024-04-18 03:41:12,P006,Accessories,900.6473709740354,4,3602.5894838961417
156,2024-04-14 17:19:56,P048,Electronics,924.3476563140592,2,1848.6953126281185
157,2024-04-29 21:49:09,P021,Clothing,289.605753988036,3,868.817261964108
158,2024-04-05 05:48:06,P037,Accessories,224.745845379606,1,224.745845379606
159,2024-04-23 03:05:01,P024,Accessories,498.8302790373447,4,1995.321116149379
160,2024-04-28 00:40:54,P049,Electronics,202.41358052065252,2,404.8271610413051
161,2024-04-16 12:59:35,P058,Electronics,148.49916738170026,4,593.996669526801
162,2024-04-16 14:42:08,P032,Clothing,758.9636809954166,2,1517.927361990833
163,2024-04-22 11:04:07,P062,Clothing,293.082568404519,4,1172.330273618076
164,2024-04-23 05:58:40,P018,Clothing,808.2168536352492,4,3232.867414540997
165,2024-04-29 17:29:32,P039,Electronics,845.7027729109914,4,3382.811091643965
166,2024-04-22 21:37:14,P002,Electronics,77.86089019861477,2,155.72178039722954
167,2024-04-28 14:22:18,P092,Electronics,331.2766329292326,4,1325.1065317169305
168,2024-04-10 23:26:36,P058,Electronics,67.03849997814515,4,268.1539999125806
169,2024-04-19 10:07:10,P095,Clothing,492.2622440155408,4,1969.048976062163
170,2024-04-13 08:22:11,P046,Accessories,207.694384504376,4,830.7775380175041
171,2024-04-03 21:10:34,P099,Accessories,428.41502021009256,2,856.8300404201851
172,2024-04-24 13:09:01,P065,Accessories,135.51947919128713,4,542.0779167651485
173,2024-04-13 15:20:26,P037,Electronics,104.88991047807696,4,419.5596419123079
174,2024-04-08 08:01:07,P045,Clothing,341.7281760031407,4,1366.9127040125627
175,2024-04-11 02:50:56,P092,Accessories,826.8560779806398,1,826.8560779806398
176,2024-04-26 15:40:05,P084,Electronics,159.46373575709143,4,637.8549430283657
177,2024-04-23 05:04:44,P066,Electronics,625.4114347439513,3,1876.234304231854
178,2024-04-10 10:43:49,P097,Clothing,699.2802509891222,2,1398.5605019782445
179,2024-04-23 05:50:03,P073,Accessories,129.54489102388376,4,518.179564095535
180,2024-04-18 01:30:43,P006,Clothing,742.4247963512697,4,2969.699185405079
181,2024-04-19 01:40:17,P073,Accessories,31.36737002150112,4,125.46948008600448
182,2024-04-16 20:20:48,P019,Clothing,30.090616533843228,2,60.181233067686456
183,2024-04-08 06:46:59,P096,Clothing,261.0497374137933,1,261.0497374137933
184,2024-04-16 19:28:34,P051,Electronics,176.39043778971535,1,176.39043778971535
185,2024-04-06 17:05:11,P079,Clothing,529.1226796192572,4,2116.4907184770286
186,2024-04-16 02:44:32,P068,Electronics,899.3670049750507,2,1798.7340099501014
187,2024-04-27 02:07:04,P060,Accessories,399.4373870840216,3,1198.312161252065
188,2024-04-14 18:14:36,P054,Accessories,715.444588003095,4,2861.77835201238
189,2024-04-08 18:48:06,P096,Electronics,998.4760907416292,4,3993.9043629665166
190,2024-04-06 17:55:40,P051,Electronics,316.3454086523116,4,1265.3816346092465
191,2024-04-10 14:12:00,P050,Clothing,899.2802745821399,2,1798.5605491642798
192,2024-04-14 03:49:29,P082,Clothing,828.7403904206398,1,828.7403904206398
193,2024-04-21 02:53:14,P083,Accessories,441.7782480901944,3,1325.334744270583
194,2024-04-09 13:40:53,P021,Clothing,713.1477569385845,2,1426.295513877169
195,2024-04-06 07:36:23,P057,Accessories,463.04461822465487,1,463.04461822465487
196,2024-04-30 17:28:40,P099,Accessories,265.5631861099305,2,531.126372219861
197,2024-04-07 00:39:19,P098,Accessories,871.1923001135178,1,871.1923001135178
198,2024-04-12 01:38:08,P093,Electronics,710.6161205182588,2,1421.2322410365175
199,2024-04-23 13:02:34,P043,Clothing,705.2652576935111,4,2821.0610307740444
200,2024-04-14 20:53:43,P017,Electronics,362.9818989249097,4,1451.9275956996387
201,2024-04-22 04:57:35,P036,Accessories,677.6795731436671,2,1355.3591462873342
202,2024-04-25 03:39:03,P036,Accessories,517.1629616482528,1,517.1629616482528
203,2024-04-24 12:57:56,P065,Electronics,507.8263940938181,4,2031.3055763752725
204,2024-04-23 17:30:55,P005,Accessories,597.4213063991414,4,2389.685225596565
205,2024-04-21 19:40:32,P070,Accessories,311.3005070342712,1,311.3005070342712
206,2024-04-12 05:59:56,P054,Clothing,315.5559975496139,1,315.5559975496139
207,2024-04-21 10:45:10,P030,Accessories,284.456166289476,3,853.3684988684281
208,2024-04-21 18:16:46,P006,Clothing,370.96783469369046,3,1112.903504081071
209,2024-04-01 01:01:16,P004,Electronics,376.18241861094486,1,376.18241861094486
210,2024-04-27 03:18:20,P087,Clothing,234.75048636003825,1,234.75048636003825
211,2024-04-07 18:21:22,P085,Electronics,754.1615841371548,1,754.1615841371548
212,2024-04-13 22:27:55,P037,Accessories,717.8891878258399,3,2153.66756347752
213,2024-04-10 09:58:02,P034,Electronics,161.5819772383531,4,646.3279089534124
214,2024-04-30 00:42:06,P083,Electronics,307.76607773689244,2,615.5321554737849
215,2024-04-09 15:02:29,P005,Clothing,927.1527273180876,4,3708.6109092723514
216,2024-04-04 22:55:54,P081,Clothing,242.66579817882968,2,485.33159635765935
217,2024-04-26 10:17:05,P029,Clothing,74.23022428339151,1,74.23022428339151
218,2024-04-07 21:19:25,P072,Clothing,169.2532303929268,1,169.2532303929268
219,2024-04-02 21:16:24,P009,Clothing,691.2037032447582,4,2764.814812979033
220,2024-04-16 13:21:19,P016,Accessories,904.8185106786664,2,1809.6370213573327
221,2024-04-03 10:46:00,P074,Clothing,102.62377586827483,3,307.8713276048245
222,2024-04-23 01:10:03,P045,Accessories,406.3409252290231,4,1625.3637009160925
223,2024-04-17 12:40:05,P076,Electronics,783.2289056561053,4,3132.9156226244213
224,2024-04-08 08:13:42,P045,Accessories,838.8629886205317,1,838.8629886205317
225,2024-04-26 12:06:10,P032,Clothing,817.8471604107989,1,817.8471604107989
226,2024-04-12 01:15:25,P083,Clothing,954.2206828697936,4,3816.8827314791743
227,2024-04-02 23:25:02,P074,Accessories,735.5162582967037,3,2206.548774890111
228,2024-04-04 12:34:02,P045,Clothing,384.27736061929807,2,768.5547212385961
229,2024-04-09 19:58:21,P048,Clothing,795.577092772674,4,3182.308371090696
230,2024-04-21 12:35:35,P051,Accessories,888.3349492892952,2,1776.6698985785904
231,2024-04-06 19:14:11,P038,Electronics,198.037199046358,1,198.037199046358
232,2024-04-10 07:26:13,P006,Electronics,380.6617286825453,1,380.6617286825453
233,2024-04-22 19:57:51,P097,Electronics,374.3962733857255,4,1497.585093542902
234,2024-04-06 05:45:25,P071,Accessories,171.83206364499208,3,515.4961909349762
235,2024-04-05 18:28:30,P079,Accessories,155.67704985902708,2,311.35409971805416
236,2024-04-29 07:18:32,P082,Accessories,963.8871550753996,4,3855.548620301599
237,2024-04-14 19:56:23,P057,Accessories,282.44568354477315,3,847.3370506343194
238,2024-04-11 15:33:41,P066,Electronics,288.7519484886066,4,1155.0077939544265
239,2024-04-15 03:30:09,P067,Electronics,552.603794201218,3,1657.8113826036538
240,2024-04-25 05:04:40,P085,Electronics,331.11039922079493,3,993.3311976623849
241,2024-04-27 06:07:39,P076,Clothing,879.6830628608992,1,879.6830628608992
242,2024-04-08 10:11:16,P006,Accessories,851.9974303870356,2,1703.9948607740712
243,2024-04-06 13:04:46,P064,Clothing,977.170662227076,2,1954.341324454152
244,2024-04-20 21:28:54,P057,Electronics,853.3636261792522,2,1706.7272523585043
245,2024-04-02 08:40:16,P068,Accessories,175.9006112060809,3,527.7018336182427
246,2024-04-19 20:03:54,P008,Clothing,783.2150388946136,2,1566.4300777892272
247,2024-04-19 00:14:42,P005,Clothing,801.5926265359914,1,801.5926265359914
248,2024-04-28 18:33:39,P026,Electronics,851.1802451879618,3,2553.5407355638854
249,2024-04-26 03:13:56,P038,Electronics,435.8314871408937,1,435.8314871408937
250,2024-04-03 21:34:13,P009,Accessories,706.9204526194777,2,1413.8409052389554
251,2024-04-22 08:26:43,P059,Accessories,985.6025472971533,4,3942.410189188613
252,2024-04-29 15:59:01,P028,Clothing,977.6777481910436,1,977.6777481910436
253,2024-04-16 08:40:48,P013,Electronics,877.2472556199559,2,1754.4945112399118
254,2024-04-07 00:30:52,P033,Electronics,319.8643322421112,1,319.8643322421112
255,2024-04-25 12:03:28,P040,Clothing,798.7433976895726,3,2396.2301930687177
256,2024-04-21 06:23:20,P084,Accessories,787.6897127536951,3,2363.0691382610853
257,2024-04-24 20:59:06,P090,Accessories,544.3887776580708,3,1633.1663329742123
258,2024-04-09 13:27:11,P013,Electronics,400.0275104072368,3,1200.0825312217105
259,2024-04-12 06:49:42,P088,Electronics,62.10583501062069,3,186.31750503186208
260,2024-04-12 01:37:06,P061,Clothing,999.010433270378,4,3996.041733081512
261,2024-04-07 02:07:41,P020,Accessories,760.7267353239007,3,2282.180205971702
262,2024-04-11 00:48:26,P045,Electronics,977.9970563124068,4,3911.9882252496272
263,2024-04-25 23:47:42,P015,Clothing,365.7117920756728,2,731.4235841513455
264,2024-04-05 08:34:36,P007,Electronics,846.720397647587,2,1693.440795295174
265,,P070,Clothing,965.574643318875,1,965.574643318875
266,2024-04-09 11:31:55,P083,Clothing,61.63798581598508,4,246.5519432639403
267,2024-04-04 08:34:30,P077,Accessories,582.4232523032172,3,1747.2697569096515
268,2024-04-22 16:04:34,P065,Electronics,856.373306818395,3,2569.119920455185
269,2024-04-19 18:39:03,P097,Clothing,356.1460643679181,1,356.1460643679181
270,2024-04-04 00:01:24,P087,Electronics,244.12139259570412,2,488.2427851914083
271,2024-04-14 19:37:06,P082,Electronics,171.10977726996413,2,342.21955453992825
272,2024-04-09 18:29:11,P007,Clothing,919.5435161021852,4,3678.174064408741
273,2024-04-06 23:30:12,P044,Accessories,292.22655197416066,4,1168.9062078966426
274,2024-04-23 03:52:48,P044,Accessories,656.1753863664142,2,1312.3507727328283
275,2024-04-25 10:42:53,P079,Clothing,351.78487761242747,1,351.78487761242747
276,2024-04-02 14:22:33,P045,Electronics,557.2178376426638,3,1671.6535129279914
277,2024-04-08 03:08:38,P054,Electronics,745.5588138084182,2,1491.1176276168364
278,2024-04-15 01:49:55,P041,Electronics,305.35497395519684,2,610.7099479103937
279,2024-04-22 19:33:16,P093,Electronics,638.0831921834765,2,1276.166384366953
280,2024-04-23 05:54:45,P090,Accessories,388.4742432026271,2,776.9484864052542
281,2024-04-14 04:33:43,P098,Clothing,952.623985429428,3,2857.8719562882834
282,2024-04-06 04:31:21,P077,Accessories,971.3443423424744,1,971.3443423424744
283,2024-04-04 09:09:24,P039,Clothing,495.5626025252452,2,991.1252050504904
284,2024-04-19 21:19:04,P073,Electronics,379.252238906962,2,758.504477813924
285,2024-04-03 00:50:58,P048,Clothing,473.10779243658726,1,473.10779243658726
286,2024-04-20 14:30:48,P003,Accessories,973.991879808649,2,1947.983759617298
287,2024-04-08 10:13:52,P095,Clothing,667.1948345033064,3,2001.5845035099192
288,2024-04-11 19:53:06,P056,Electronics,617.4001458675446,1,617.4001458675446
289,2024-04-16 13:02:11,P080,Accessories,857.7821205069664,1,857.7821205069664
290,2024-04-17 11:13:44,P036,Electronics,721.9746222984404,1,721.9746222984404
291,2024-04-19 09:07:01,P042,Electronics,938.8710503965408,2,1877.7421007930816
292,2024-04-29 05:49:47,P032,Accessories,890.269319547627,1,890.269319547627
293,2024-04-01 11:33:06,P043,Accessories,581.5117297778646,4,2326.0469191114585
294,2024-04-14 21:05:46,P001,Accessories,453.9325700643095,4,1815.730280257238
295,2024-04-21 10:04:06,P073,Clothing,429.6453958587799,2,859.2907917175598
296,2024-04-20 05:23:14,P065,Clothing,855.4869122529276,2,1710.9738245058552
297,2024-04-29 04:09:05,P016,Accessories,222.3244109633488,4,889.2976438533951
298,2024-04-30 09:19:40,P063,Clothing,515.9747012968548,4,2063.8988051874194
299,2024-04-06 10:37:34,P019,Electronics,250.37151914582705,2,500.7430382916541
300,2024-04-16 06:33:35,P041,Accessories,714.3754926401499,1,714.3754926401499
301,2024-04-14 01:01:38,P018,Electronics,804.5918672874192,2,1609.1837345748384
302,2024-04-30 13:58:38,P069,Electronics,174.92165011715375,2,349.84330023430755
303,2024-04-01 04:18:47,P070,Accessories,99.63135802517256,3,298.8940740755177
304,2024-04-21 01:58:45,P066,Accessories,131.92686165590783,2,263.85372331181566
305,2024-04-23 15:38:04,P007,Accessories,70.20166386048362,3,210.6049915814509
306,2024-04-07 03:32:46,P035,Clothing,958.36141843844,3,2875.08425531532
307,2024-04-24 17:26:43,P073,Electronics,653.390068449994,3,1960.170205349982
308,2024-04-17 07:43:22,P096,Accessories,99.27655169486869,3,297.8296550846061
309,2024-04-01 03:21:06,P050,Accessories,676.9230321295088,2,1353.8460642590176
310,2024-04-22 14:21:38,P008,Electronics,525.3526234407065,1,525.3526234407065
311,2024-04-03 11:18:28,P046,Clothing,253.68694396261435,2,507.3738879252287
312,2024-04-21 06:50:55,P027,Electronics,483.2573452530695,2,966.5146905061388
313,2024-04-28 04:36:38,P065,Electronics,83.32312969899084,1,83.32312969899084
314,2024-04-02 00:11:36,P084,Accessories,809.5244106289659,4,3238.097642515864
315,2024-04-28 05:08:00,P040,Accessories,593.8608849414803,4,2375.4435397659213
316,2024-04-13 16:22:11,P096,Electronics,862.5339611444721,1,862.5339611444721
317,2024-04-26 20:29:09,P045,Accessories,554.33940237014,2,1108.67880474028
318,2024-04-27 08:19:48,P087,Clothing,884.9552726298186,2,1769.9105452596373
319,2024-04-03 19:22:53,P048,Accessories,123.21080068428924,2,246.42160136857848
320,2024-04-24 06:16:09,P064,Electronics,829.5103764524772,4,3318.041505809909
321,2024-04-08 19:40:31,P084,Clothing,882.0223984901177,2,1764.044796980235
322,2024-04-13 16:34:23,P068,Electronics,875.3875627367548,3,2626.1626882102646
323,2024-04-28 01:53:43,P047,Clothing,789.4767148241846,4,3157.9068592967383
324,2024-04-08 16:30:10,P088,Accessories,886.6320838227986,2,1773.2641676455971
325,2024-04-06 17:11:09,P088,Clothing,578.7047897450184,1,578.7047897450184
326,2024-04-29 21:35:10,P065,Accessories,769.2789854645956,3,2307.8369563937867
327,2024-04-21 05:44:13,P040,Accessories,562.545366356209,1,562.545366356209
328,2024-04-16 11:04:24,P019,Clothing,78.46696993368515,4,313.8678797347406
329,2024-04-12 09:35:07,P030,Clothing,954.5739558106284,1,954.5739558106284
330,2024-04-21 07:41:12,P050,Clothing,988.6558185517584,1,988.6558185517584
331,2024-04-05 10:05:10,P020,Electronics,695.6683533256609,3,2087.0050599769825
332,2024-04-29 01:25:02,P035,Electronics,487.6238151461224,1,487.6238151461224
333,2024-04-03 04:08:10,P024,Electronics,765.0881463477857,2,1530.1762926955714
334,2024-04-21 05:06:12,P017,Clothing,615.129781009785,3,1845.3893430293551
335,2024-04-09 16:08:50,P002,Accessories,563.9562218987116,1,563.9562218987116
336,2024-04-05 04:47:02,P077,Accessories,507.2500286265986,3,1521.7500858797955
337,2024-04-13 08:37:05,P023,Clothing,672.5151123894675,3,2017.5453371684025
338,2024-04-03 17:42:39,P076,Electronics,899.3076506850588,3,2697.922952055176
339,2024-04-21 07:25:08,P026,Clothing,249.9897218057811,2,499.9794436115622
340,2024-04-26 14:51:04,P073,Electronics,702.0804886997371,1,702.0804886997371
341,2024-04-08 16:09:06,P061,Accessories,775.3130832145554,3,2325.9392496436662
342,2024-04-24 21:26:46,P030,Clothing,136.33057039503322,2,272.66114079006644
343,2024-04-23 15:34:40,P024,Clothing,251.95917551058545,2,503.9183510211709
344,2024-04-20 16:55:18,P012,Clothing,510.4143464907248,1,510.4143464907248
345,2024-04-03 18:00:25,P005,Electronics,361.70201445493615,3,1085.1060433648086
346,2024-04-12 04:06:49,P072,Electronics,559.9540739915013,2,1119.908147983003
347,2024-04-21 07:04:46,P066,Electronics,801.9820147435215,2,1603.964029487043
348,2024-04-07 21:45:27,P035,Electronics,658.0524437796362,2,1316.1048875592724
349,2024-04-04 10:25:58,P016,Electronics,394.6095766032079,1,394.6095766032079
350,2024-04-19 11:43:47,P007,Electronics,705.5141911109906,3,2116.542573332972
351,2024-04-23 12:15:20,P030,Accessories,312.688755909927,1,312.688755909927
352,2024-04-06 00:41:02,P086,Accessories,268.03170417627774,3,804.0951125288332
353,2024-04-03 04:14:07,P076,Accessories,170.98873574297556,3,512.9662072289267
354,2024-04-28 22:52:50,P026,Accessories,532.7554971811481,1,532.7554971811481
355,2024-04-24 18:34:29,P090,Electronics,371.98544048564656,4,1487.9417619425865
356,2024-04-08 23:08:49,P099,Accessories,680.7256820711744,4,2722.902728284698
357,2024-04-23 04:36:55,P061,Accessories,31.197902650637023,3,93.59370795191109
358,2024-04-26 18:46:29,P018,Clothing,933.5618544472176,3,2800.6855633416526
359,2024-04-12 04:03:03,P073,Electronics,848.6277787904912,4,3394.511115161965
360,2024-04-15 22:19:18,P085,Clothing,734.1657457435716,4,2936.6629829742865
361,2024-04-03 02:20:10,P068,Clothing,291.82995724593417,1,291.82995724593417
362,2024-04-11 06:11:25,P065,Electronics,62.659819720985126,3,187.97945916295535
363,2024-04-28 05:07:40,P038,Clothing,751.7705827549536,3,2255.311748264861
364,2024-04-12 23:23:02,P097,Clothing,839.144079542976,2,1678.288159085952
365,2024-04-28 15:57:59,P008,Electronics,591.2183903433549,1,591.2183903433549
366,2024-04-09 04:45:13,P085,Accessories,941.6922478710442,2,1883.3844957420883
367,2024-04-11 02:25:57,P010,Clothing,906.1999084191611,2,1812.3998168383223
368,2024-04-13 19:24:55,P006,Electronics,175.5893437772465,4,702.357375108986
369,2024-04-11 11:34:56,P081,Accessories,412.6496758944213,1,412.6496758944213
370,2024-04-03 20:46:54,P070,Accessories,509.00733699528536,3,1527.022010985856
371,2024-04-17 19:55:19,P033,Accessories,67.5690244826069,1,67.5690244826069
372,2024-04-24 02:07:53,P096,Clothing,877.5530137747905,3,2632.659041324372
373,2024-04-08 11:24:02,P021,Clothing,447.48860414018367,4,1789.954416560735
374,2024-04-02 04:41:27,P007,Electronics,529.9428255999408,3,1589.8284767998225
375,2024-04-02 02:02:58,P017,Electronics,807.96390393661,1,807.96390393661
376,2024-04-09 00:04:09,P062,Clothing,734.6956511757144,1,734.6956511757144
377,2024-04-21 19:11:44,P015,Clothing,698.1119932973743,1,698.1119932973743
378,2024-04-02 03:50:48,P048,Electronics,632.7664118984538,3,1898.2992356953612
379,2024-04-24 12:28:08,P035,Clothing,752.6232109238316,4,3010.4928436953264
380,2024-04-15 07:29:02,P089,Electronics,979.3817413868024,1,979.3817413868024
381,2024-04-29 23:41:16,P038,Clothing,799.4522629590823,1,799.4522629590823
382,2024-04-30 10:36:33,P038,Accessories,769.86540299623,4,3079.46161198492
383,2024-04-14 00:35:16,P089,Clothing,340.32558590127707,2,680.6511718025541
384,2024-04-02 15:18:18,P082,Accessories,334.3675609079002,4,1337.4702436316009
385,2024-04-10 02:35:35,P029,Accessories,826.6466686368324,1,826.6466686368324
386,2024-04-10 07:21:11,P002,Accessories,892.3631717771145,2,1784.726343554229
387,2024-04-20 09:06:17,P045,Accessories,434.0958088039732,3,1302.2874264119196
388,2024-04-14 10:34:17,P057,Clothing,794.7710880780867,3,2384.31326423426
389,2024-04-24 22:04:39,P054,Accessories,269.92538448395464,4,1079.7015379358186
390,2024-04-28 16:12:43,P095,Clothing,738.0878014479134,1,738.0878014479134
391,2024-04-11 19:26:37,P092,Electronics,392.2941689007196,2,784.5883378014393
392,2024-04-06 03:57:16,P092,Electronics,579.7374093120503,2,1159.4748186241006
393,2024-04-13 18:17:18,P022,Accessories,475.0120745298629,4,1900.048298119452
394,,P026,Clothing,433.6926196663452,1,433.6926196663452
395,2024-04-12 05:46:51,P056,Accessories,94.1891911731902,2,188.3783823463804
396,2024-04-11 23:57:38,P078,Clothing,467.7482289472972,3,1403.2446868418915
397,2024-04-10 02:10:43,P060,Electronics,306.7925624490674,3,920.3776873472024
398,2024-04-09 19:25:47,P008,Clothing,640.2106532706039,4,2560.8426130824155
399,2024-04-29 16:14:00,P012,Clothing,987.9627785496136,3,2963.888335648841
400,2024-04-15 11:25:38,P069,Clothing,530.8867952206655,1,530.8867952206655
401,2024-04-16 22:08:57,P050,Clothing,421.8855355591988,1,421.8855355591988
402,2024-04-19 22:43:15,P085,Accessories,166.3627694514246,2,332.7255389028492
403,2024-04-17 15:21:03,P060,Accessories,462.12873456292095,4,1848.514938251684
404,2024-04-24 00:06:48,P003,Clothing,641.5274782176231,1,641.5274782176231
405,2024-04-13 22:34:15,P052,Accessories,653.5541016065868,1,653.5541016065868
406,2024-04-17 22:47:49,P010,Accessories,525.0649549609989,1,525.0649549609989
407,2024-04-21 10:42:27,P074,Accessories,985.7653161311716,1,985.7653161311716
408,2024-04-28 15:53:21,P079,Clothing,564.6276665735826,2,1129.2553331471652
409,2024-04-17 13:18:23,P085,Electronics,978.5774141915524,3,2935.732242574657
410,2024-04-13 22:54:50,P063,Clothing,186.9851129222292,2,373.9702258444584
411,2024-04-05 18:27:19,P035,Electronics,620.557665626212,3,1861.672996878636
412,2024-04-22 04:36:55,P069,Clothing,5599.05537884577,2,11198.11075769154
413,2024-04-07 02:26:20,P046,Electronics,534.2238987124558,3,1602.6716961373677
414,2024-04-19 11:56:35,P054,Accessories,20.55793668268573,1,20.55793668268573
415,2024-04-01 11:49:04,P015,Accessories,639.9259165115084,1,639.9259165115084
416,2024-04-18 14:15:42,P028,Electronics,293.5497995100771,2,587.0995990201542
417,2024-04-17 12:21:22,P013,Accessories,461.52926328098266,2,923.0585265619652
418,2024-04-30 05:20:54,P019,Electronics,211.5060174595315,2,423.012034919063
419,2024-04-01 11:29:44,P034,Electronics,786.785822337443,3,2360.357467012329
420,2024-04-16 01:58:18,P055,Electronics,942.4763438194552,1,942.4763438194552
421,2024-04-08 12:47:10,P023,Electronics,840.8990396069736,1,840.8990396069736
422,2024-04-30 01:54:53,P078,Clothing,949.7340757507404,1,949.7340757507404
423,2024-04-02 14:43:24,P089,Electronics,572.1525856394586,3,1716.4577569183757
424,2024-04-29 05:19:47,P022,Accessories,535.6880568284513,1,535.6880568284513
425,2024-04-04 06:23:09,P059,Clothing,569.3010594727907,3,1707.903178418372
426,2024-04-14 21:15:08,P032,Accessories,825.4836013033073,1,825.4836013033073
427,2024-04-03 00:41:10,P005,Clothing,785.0947503698983,2,1570.1895007397966
428,2024-04-29 23:03:10,P057,Accessories,564.2977573411184,3,1692.8932720233552
429,2024-04-16 22:51:55,P041,Accessories,164.3347264336019,4,657.3389057344076
430,2024-04-04 07:07:17,P052,Accessories,656.0413304166258,4,2624.165321666503
431,2024-04-16 14:32:58,P082,Electronics,759.9358322956998,1,759.9358322956998
432,2024-04-27 23:25:58,P022,Electronics,304.27807151474366,4,1217.1122860589746
433,2024-04-21 12:08:06,P025,Accessories,713.5865672135889,1,713.5865672135889
434,2024-04-18 20:36:56,P084,Electronics,171.54250998385973,3,514.6275299515792
435,2024-04-11 12:04:17,P089,Clothing,669.1565229651367,4,2676.6260918605467
436,2024-04-14 02:19:57,P075,Electronics,756.6573184608172,3,2269.971955382452
437,2024-04-27 04:40:52,P015,Accessories,570.2087495443978,3,1710.6262486331934
438,2024-04-27 13:23:18,P011,Electronics,140.058097410246,2,280.116194820492
439,2024-04-14 09:33:39,P070,Electronics,160.58619172227887,2,321.17238344455774
440,2024-04-05 23:09:28,P063,Accessories,571.6898911828644,2,1143.3797823657287
441,2024-04-09 01:35:31,P042,Accessories,869.7193906111021,3,2609.1581718333064
442,2024-04-29 22:26:47,P058,Clothing,760.4771686117759,2,1520.954337223552
443,2024-04-02 00:06:48,P006,Clothing,68.76770065772243,2,137.53540131544486
444,2024-04-28 12:47:08,P007,Clothing,379.20931276727663,3,1137.62793830183
445,2024-04-23 07:46:58,P092,Electronics,859.3313909786131,4,3437.325563914452
446,2024-04-20 15:11:32,P092,Accessories,379.5492199435745,4,1518.196879774298
447,2024-04-21 08:42:16,P042,Accessories,423.3525548673288,3,1270.0576646019863
448,2024-04-25 04:51:07,P089,Clothing,785.6154627776758,3,2356.846388333028
449,2024-04-23 22:05:02,P038,Electronics,178.51287837246798,4,714.0515134898719
450,2024-04-07 04:16:16,P048,Clothing,898.3064966239775,4,3593.22598649591
451,2024-04-28 16:45:20,P005,Accessories,34.255179221024946,4,137.02071688409978
452,2024-04-11 21:59:00,P014,Electronics,843.7586479213873,4,3375.034591685549
453,2024-04-14 22:54:11,P070,Accessories,175.90116534327785,2,351.8023306865557
454,2024-04-19 11:38:23,P067,Electronics,567.3122282226091,1,567.3122282226091
455,2024-04-02 23:47:46,P038,Accessories,217.2639229230596,3,651.7917687691787
456,2024-04-09 03:14:22,P094,Accessories,803.2873049910376,2,1606.5746099820751
457,2024-04-08 17:05:34,P011,Clothing,243.8313405706642,2,487.6626811413284
458,2024-04-06 16:39:39,P073,Accessories,503.2651232265301,3,1509.7953696795903
459,2024-04-22 04:19:11,P083,Clothing,961.7050907958992,1,961.7050907958992
460,2024-04-24 05:14:12,P051,Accessories,389.2961531040271,3,1167.8884593120813
461,2024-04-25 06:58:43,P033,Electronics,713.1410375894055,3,2139.4231127682165
462,2024-04-10 18:21:33,P074,Clothing,48.87831797425383,1,48.87831797425383
463,2024-04-27 01:33:35,P001,Accessories,466.2563719915671,1,466.2563719915671
464,2024-04-04 22:44:51,P050,Electronics,950.8154046643482,3,2852.4462139930447
465,2024-04-15 21:53:34,P069,Electronics,800.3253958336054,1,800.3253958336054
466,2024-04-20 03:56:40,P072,Clothing,169.12209112724346,3,507.3662733817304
467,2024-04-26 03:36:13,P050,Electronics,142.09088830897483,1,142.09088830897483
468,2024-04-27 13:05:03,P072,Electronics,688.0612461815732,1,688.0612461815732
469,2024-04-01 16:25:42,P023,Clothing,498.9914361154108,1,498.9914361154108
470,2024-04-27 10:56:24,P057,Clothing,220.5723754046012,2,441.1447508092024
471,2024-04-12 08:03:12,P070,Electronics,186.71374504027463,1,186.71374504027463
472,2024-04-28 14:48:51,P079,Electronics,399.37612669585326,1,399.37612669585326
473,2024-04-23 01:44:48,P015,Clothing,520.3022832438251,2,1040.60456648765
474,2024-04-08 18:59:55,P004,Clothing,506.29785104093327,3,1518.8935531228
475,2024-04-28 20:09:53,P014,Accessories,815.2892982499808,3,2445.8678947499425
476,2024-04-09 20:43:46,P057,Electronics,428.191227127831,4,1712.764908511324
477,2024-04-19 21:46:50,P079,Electronics,865.7318344023796,3,2597.1955032071387
478,2024-04-27 04:23:41,P032,Accessories,537.216110691097,2,1074.432221382194
479,2024-04-25 15:48:28,P077,Accessories,162.5105199744088,3,487.5315599232264
480,2024-04-09 05:29:19,P040,Clothing,18.827120025244167,3,56.481360075732496
481,2024-04-03 16:21:59,P025,Clothing,821.0236699661046,2,1642.0473399322093
482,2024-04-29 09:50:56,P034,Clothing,128.44115593588285,3,385.3234678076485
483,2024-04-24 01:09:28,P060,Accessories,566.380542336245,4,2265.52216934498
484,2024-04-25 06:16:31,P010,Accessories,368.12186407232497,1,368.12186407232497
485,2024-04-19 13:15:34,P007,Electronics,893.6582318702,3,2680.9746956106
486,2024-04-25 06:55:16,P048,Electronics,970.0073465451812,4,3880.029386180725
487,2024-04-08 05:59:54,P097,Clothing,339.1293692197046,3,1017.3881076591138
488,2024-04-07 15:06:35,P014,Electronics,913.8720964489954,2,1827.7441928979908
489,2024-04-01 09:22:55,P046,Accessories,165.21999059798006,1,165.21999059798006
490,2024-04-16 03:54:39,P067,Accessories,746.1895595791357,4,2984.7582383165427
491,2024-04-13 12:33:26,P082,Electronics,29.102050279533294,1,29.102050279533294
492,2024-04-16 17:57:59,P030,Accessories,120.19779540191328,1,120.19779540191328
493,2024-04-12 01:41:46,P003,Clothing,350.4459674593642,2,700.8919349187285
494,2024-04-18 03:28:55,P035,Electronics,83.8885175631211,1,83.8885175631211
495,2024-04-04 21:39:36,P006,Clothing,144.8274610890277,3,434.4823832670832
496,2024-04-13 20:22:41,P016,Accessories,51.20968606707747,4,204.83874426830988
497,2024-04-09 20:03:53,P048,Clothing,400.9495404498533,3,1202.8486213495598
498,2024-04-16 14:31:14,P034,Accessories,677.9954128576138,2,1355.9908257152276
499,2024-04-02 19:21:57,P026,Accessories,329.3325413759754,1,329.3325413759754
500,2024-04-13 08:26:41,P007,Accessories,608.0074043149381,4,2432.0296172597523
501,2024-04-15 13:45:00,P012,Clothing,124.99865994743271,1,124.99865994743271
502,2024-04-10 13:39:22,P076,Accessories,48.01062003971209,2,96.02124007942416
503,2024-04-04 06:00:23,P078,Electronics,607.6299012156677,2,1215.2598024313354
504,2024-04-30 12:00:13,P061,Electronics,593.5476285919887,3,1780.642885775966
505,2024-04-26 10:58:29,P072,Clothing,457.39393447476334,1,457.39393447476334
506,2024-04-09 19:49:09,P012,Accessories,714.216027532891,3,2142.6480825986728
507,2024-04-06 21:07:18,P085,Electronics,167.69498035642596,1,167.69498035642596
508,2024-04-02 00:24:52,P075,Clothing,145.3730870782583,3,436.1192612347748
509,2024-04-25 21:06:02,P010,Clothing,733.2386642811897,3,2199.715992843569
510,2024-04-22 06:12:06,P031,Electronics,914.195518897874,2,1828.391037795748
511,2024-04-24 03:50:43,P033,Accessories,97.43969153919728,1,97.43969153919728
512,2024-04-15 12:33:25,P077,Clothing,647.1369353568714,1,647.1369353568714
513,2024-04-20 06:55:28,P036,Clothing,656.2008413958254,4,2624.803365583301
514,2024-04-25 01:21:56,P039,Accessories,233.7443579162087,3,701.2330737486261
515,2024-04-14 00:02:51,P012,Clothing,453.6564003328504,3,1360.969200998551
516,2024-04-10 13:59:21,P062,Electronics,39.92535286487325,1,39.92535286487325
517,2024-04-24 07:31:10,P092,Electronics,453.54881098820255,4,1814.1952439528104
518,2024-04-26 22:47:29,P028,Accessories,900.8720380873596,1,900.8720380873596
519,2024-04-23 13:45:45,P094,Electronics,317.5855803728577,2,635.1711607457154
520,2024-04-27 07:24:13,P090,Electronics,927.0221832618016,4,3708.088733047206
521,2024-04-20 11:45:54,P015,Accessories,944.4149063631348,3,2833.2447190894045
522,2024-04-11 23:08:47,P041,Clothing,1959.5721342994011,2,3919.1442685988022
523,2024-04-29 13:06:24,P041,Electronics,927.2093066307176,1,927.2093066307176
524,2024-04-20 11:47:07,P092,Electronics,361.25909934096507,1,361.25909934096507
525,2024-04-27 11:57:56,P012,Accessories,255.83670646466817,3,767.5101193940045
526,2024-04-10 09:17:42,P030,Electronics,814.5165750318695,4,3258.066300127478
527,2024-04-04 23:33:56,P047,Electronics,476.2987179991737,3,1428.8961539975212
528,2024-04-11 05:15:23,P065,Accessories,928.6997635880376,4,3714.7990543521514
529,2024-04-04 13:22:44,P021,Electronics,71.48849844586992,3,214.46549533760972
530,2024-04-02 16:42:29,P047,Accessories,451.7319768801389,2,903.4639537602778
531,2024-04-28 17:45:40,P014,Electronics,205.80222216208023,2,411.60444432416045
532,2024-04-27 16:35:34,P093,Accessories,627.2987394737742,3,1881.8962184213224
533,2024-04-11 04:32:14,P090,Clothing,699.4636397855334,4,2797.854559142133
534,2024-04-24 02:39:39,P028,Accessories,309.60330878892,2,619.20661757784
535,2024-04-18 10:00:14,P055,Accessories,510.55066553527774,4,2042.202662141111
536,2024-04-22 18:38:56,P085,Accessories,681.2330735663684,3,2043.699220699105
537,2024-04-26 04:42:06,P052,Electronics,303.9882636840035,3,911.9647910520106
538,2024-04-05 06:26:19,P060,Electronics,940.4813325538412,3,2821.443997661524
539,2024-04-03 20:57:23,P044,Electronics,752.3843847325568,4,3009.537538930227
540,2024-04-21 21:06:19,P044,Clothing,464.91866949318575,3,1394.7560084795573
541,2024-04-13 05:06:44,P076,Electronics,20.381486348223486,1,20.381486348223486
542,2024-04-08 21:31:51,P055,Accessories,572.8264665749082,3,1718.4793997247243
543,2024-04-24 22:39:32,P073,Clothing,175.20085167796157,1,175.20085167796157
544,2024-04-13 19:43:35,P045,Clothing,173.4915150761721,4,693.9660603046885
545,2024-04-30 20:11:30,P044,Electronics,30.99871835928424,1,30.99871835928424
546,2024-04-05 22:28:19,P024,Clothing,383.4240100781127,3,1150.2720302343382
547,2024-04-25 19:44:56,P033,Clothing,454.12681259092426,3,1362.380437772773
548,2024-04-02 12:08:51,P003,Accessories,960.5768428354676,2,1921.153685670935
549,2024-04-09 20:20:21,P056,Accessories,273.12176249508127,3,819.3652874852438
550,2024-04-12 19:28:37,P074,Electronics,875.2880341725552,4,3501.1521366902207
551,2024-04-20 12:29:15,P013,Clothing,50.89159026169306,1,50.89159026169306
552,2024-04-25 02:39:12,P024,Accessories,407.507755049954,4,1630.031020199816
553,2024-04-02 01:58:55,P035,Accessories,830.2780980596148,4,3321.112392238459
554,2024-04-20 16:50:21,P036,Clothing,789.8485941599981,4,3159.3943766399925
555,2024-04-04 16:37:35,P083,Clothing,386.5320011625918,4,1546.1280046503673
556,2024-04-10 03:09:17,P023,Electronics,330.78512080599165,1,330.78512080599165
557,2024-04-08 23:03:18,P044,Accessories,638.9926519234365,2,1277.985303846873
558,2024-04-02 18:10:09,P075,Accessories,491.963734876358,3,1475.891204629074
559,2024-04-17 11:44:52,P046,Clothing,956.1186630116604,3,2868.355989034981
560,2024-04-18 03:33:33,P018,Accessories,949.7437415161282,3,2849.2312245483845
561,2024-04-10 18:53:48,P029,Accessories,347.7600519988292,2,695.5201039976585
562,2024-04-12 09:37:02,P028,Accessories,786.9714812937796,3,2360.9144438813387
563,2024-04-10 20:20:16,P070,,735.9059565474743,1,735.9059565474743
564,2024-04-07 16:54:12,P065,Accessories,771.8943141226347,2,1543.7886282452694
565,2024-04-01 06:15:26,P018,Clothing,353.4974819548866,4,1413.9899278195464
566,2024-04-14 00:34:30,P051,Electronics,323.3776823116027,3,970.133046934808
567,2024-04-19 10:23:15,P088,Accessories,25.710165685292548,2,51.420331370585096
568,2024-04-19 03:37:58,P081,Clothing,477.5896867847718,1,477.5896867847718
569,2024-04-25 21:10:06,P019,Electronics,564.8611479004991,3,1694.5834437014971
570,2024-04-06 23:22:52,P042,Electronics,855.6626409820557,2,1711.3252819641114
571,2024-04-16 12:24:36,P094,Clothing,332.2738671506383,4,1329.0954686025532
572,2024-04-17 22:05:08,P084,Accessories,360.4538334618287,3,1081.361500385486
573,2024-04-29 22:36:15,P082,Clothing,562.1743376732285,4,2248.697350692914
574,2024-04-17 10:45:55,P002,Electronics,559.026716901679,1,559.026716901679
575,2024-04-08 02:11:56,P052,Clothing,132.5789251681565,3,397.7367755044695
576,2024-04-20 22:46:14,P022,Accessories,417.93544049427385,4,1671.7417619770954
577,2024-04-20 14:43:51,P006,Clothing,610.9035148900374,4,2443.6140595601496
578,2024-04-15 12:11:23,P090,Electronics,404.2397173795108,4,1616.9588695180432
579,2024-04-10 07:38:56,P012,Accessories,477.6958569269543,1,477.6958569269543
580,2024-04-22 21:38:21,P030,Clothing,928.647265947262,3,2785.941797841786
581,2024-04-26 15:33:41,P050,Electronics,436.2493374249849,2,872.4986748499698
582,2024-04-15 10:58:31,P092,Electronics,827.1200136489152,1,827.1200136489152
583,2024-04-12 10:13:40,P008,Accessories,404.9386081548725,1,404.9386081548725
584,2024-04-17 18:52:25,P019,Electronics,53.38729600477033,2,106.77459200954064
585,2024-04-16 14:06:12,P087,Clothing,272.7198031451192,1,272.7198031451192
586,2024-04-16 15:16:49,P063,Accessories,865.4005858063202,2,1730.8011716126405
587,2024-04-29 20:54:45,P005,Electronics,56.83465287603848,2,113.66930575207697
588,2024-04-08 09:33:22,P077,Clothing,349.7614385403021,2,699.5228770806043
589,2024-04-24 08:20:24,P044,Electronics,884.2112998949553,3,2652.6338996848663
590,2024-04-08 13:54:20,P010,Clothing,383.7980851626828,1,383.7980851626828
591,2024-04-06 10:50:48,P093,Clothing,569.6439117837525,3,1708.9317353512574
592,2024-04-10 16:44:27,P036,Electronics,27.904666020556466,3,83.71399806166939
593,2024-04-07 12:26:09,P033,Accessories,418.1124281280669,2,836.2248562561338
594,2024-04-23 00:35:03,P042,Clothing,914.535798516319,4,3658.143194065276
595,2024-04-24 05:22:40,P020,Electronics,400.6849012286367,3,1202.05470368591
596,2024-04-04 02:31:40,P023,Electronics,23.091788435268136,4,92.36715374107254
597,2024-04-21 15:48:57,P032,Electronics,161.13326319030915,2,322.2665263806183
598,2024-04-24 14:42:26,P063,Clothing,69.29887793277791,3,207.8966337983337
599,2024-04-06 13:15:19,P030,Electronics,548.742007519061,3,1646.226022557183
600,2024-04-28 02:12:02,P029,Clothing,389.9151516882493,3,1169.7454550647478
601,2024-04-23 03:13:26,P014,Electronics,539.8813889732202,3,1619.6441669196606
602,2024-04-07 05:11:39,P085,Clothing,220.52309612361023,1,220.52309612361023
603,2024-04-09 19:50:11,P051,Electronics,651.753340096377,4,2607.013360385508
604,2024-04-19 14:05:32,P097,Electronics,432.1121004861006,3,1296.3363014583017
605,2024-04-19 19:50:17,P033,Accessories,308.4454620697885,4,1233.781848279154
606,2024-04-26 09:03:42,P083,Clothing,167.21146318284167,1,167.21146318284167
607,2024-04-06 22:04:11,P007,Clothing,81.15581478090749,1,81.15581478090749
608,2024-04-30 20:44:33,P040,Clothing,314.33587920137575,4,1257.343516805503
609,2024-04-07 01:24:48,P041,Clothing,56.37530473700596,4,225.50121894802385
610,2024-04-06 00:13:55,P080,Electronics,423.22628608923753,3,1269.6788582677127
611,2024-04-12 17:13:11,P014,Electronics,302.5567750033535,3,907.6703250100604
612,2024-04-08 15:12:11,P070,Electronics,302.4056822390089,2,604.8113644780178
613,2024-04-27 17:25:38,P058,Accessories,348.2550463138266,2,696.5100926276532
614,2024-04-27 05:24:06,P026,Electronics,884.0659805433181,1,884.0659805433181
615,2024-04-03 17:06:37,P026,Electronics,540.4905991353231,1,540.4905991353231
616,2024-04-12 11:30:53,P096,Clothing,685.1375582348272,1,685.1375582348272
617,2024-04-14 16:43:29,P023,Clothing,856.7740772519678,1,856.7740772519678
618,2024-04-09 21:26:59,P022,Accessories,353.2825787975065,2,706.565157595013
619,2024-04-01 00:36:46,P015,Accessories,577.8562386545124,2,1155.7124773090247
620,2024-04-05 16:58:33,P008,Accessories,762.2534944817729,2,1524.5069889635458
621,2024-04-21 18:26:31,P070,Clothing,307.0587616382003,3,921.1762849146008
622,2024-04-13 10:24:33,P030,Clothing,465.6824699631088,1,465.6824699631088
623,2024-04-28 17:47:22,P002,Clothing,130.35617468292398,4,521.4246987316959
624,2024-04-29 08:23:09,P085,Clothing,324.0274262787478,4,1296.1097051149911
625,2024-04-12 03:33:46,P082,Accessories,988.7503355332844,1,988.7503355332844
626,2024-04-02 18:16:13,P085,Electronics,250.65225488707136,2,501.30450977414273
627,2024-04-27 17:44:43,P022,Electronics,124.87760170636734,4,499.5104068254694
628,2024-04-28 00:47:52,P093,Clothing,441.1355796021853,2,882.2711592043706
629,2024-04-30 19:19:32,P035,Clothing,870.7001786562822,1,870.7001786562822
630,2024-04-08 10:31:15,P078,Electronics,553.8323763171146,3,1661.4971289513437
631,2024-04-02 16:08:25,P086,Electronics,51.93324247006166,4,207.73296988024663
632,2024-04-20 05:46:19,P089,Clothing,253.5857794106308,2,507.1715588212616
633,2024-04-25 11:37:41,P046,Clothing,142.54331139419943,4,570.1732455767977
634,2024-04-21 07:53:59,P019,Clothing,637.2965772391129,3,1911.8897317173387
635,2024-04-10 11:55:07,P046,Accessories,863.5416780286777,4,3454.1667121147107
636,2024-04-10 11:32:40,P082,Electronics,554.9960969720975,2,1109.992193944195
637,2024-04-19 04:52:57,P065,Clothing,199.23024127533697,4,796.9209651013479
638,2024-04-27 11:05:25,P070,Accessories,517.5985397534225,3,1552.7956192602676
639,2024-04-29 02:49:03,P083,Accessories,474.9262166276914,2,949.8524332553828
640,2024-04-19 15:19:15,P052,Clothing,234.966380859521,4,939.865523438084
641,2024-04-09 22:18:17,P045,Electronics,425.4028372591228,1,425.4028372591228
642,2024-04-25 00:09:23,P059,Accessories,738.0956126186062,1,738.0956126186062
643,2024-04-17 15:45:44,P051,Electronics,472.73323329349375,2,945.4664665869876
644,2024-04-08 18:15:05,P097,Clothing,219.9955442723208,3,659.9866328169624
645,2024-04-11 09:37:52,P001,Clothing,455.5147123486549,4,1822.05884939462
646,2024-04-28 17:18:36,P091,Clothing,441.9456476229073,3,1325.8369428687215
647,2024-04-08 20:15:06,P082,Clothing,286.5836190554421,3,859.7508571663263
648,2024-04-06 19:25:31,P039,Clothing,106.246877430666,2,212.493754861332
649,2024-04-24 17:22:18,P032,Clothing,274.0558051324222,3,822.1674153972667
650,2024-04-01 09:56:53,P092,Clothing,126.15691759932268,4,504.62767039729073
651,2024-04-12 03:02:54,P067,Electronics,74.8977034259673,3,224.6931102779019
652,2024-04-25 04:23:35,P013,Clothing,884.7635273208813,3,2654.290581962644
653,2024-04-29 03:22:15,P019,Electronics,215.12787977044425,1,215.12787977044425
654,2024-04-04 14:36:56,P017,Clothing,518.1408169965442,3,1554.4224509896326
655,2024-04-25 21:04:37,P003,Electronics,156.22806960148705,1,156.22806960148705
656,2024-04-06 06:49:16,P069,Clothing,724.6344993421359,3,2173.903498026408
657,2024-04-10 03:00:24,P072,Clothing,454.33068978680006,4,1817.3227591472005
658,2024-04-04 16:10:56,P067,Clothing,112.5362586029609,1,112.5362586029609
659,2024-04-26 01:26:56,P065,Electronics,243.685147057868,4,974.740588231472
660,2024-04-01 22:25:41,P052,Electronics,605.7010847226713,4,2422.8043388906854
661,2024-04-10 05:20:14,P041,Clothing,9544.731323333572,4,38178.92529333429
662,2024-04-14 01:30:15,P065,Clothing,837.429235819561,3,2512.287707458683
663,2024-04-20 02:47:43,P087,Clothing,267.493651564226,1,267.493651564226
664,2024-04-04 15:49:25,P042,Clothing,431.6776472324132,3,1295.0329416972395
665,2024-04-16 16:11:58,P064,Accessories,881.2240526016564,3,2643.672157804969
666,2024-04-26 11:52:06,P032,Accessories,652.3847833836147,3,1957.154350150844
667,2024-04-30 14:57:22,P027,Accessories,343.6657719287476,2,687.3315438574951
668,2024-04-29 05:08:56,P054,Clothing,81.9586693113496,4,327.8346772453984
669,2024-04-22 21:06:36,P007,Accessories,393.10834526436486,3,1179.325035793095
670,2024-04-21 11:41:08,P069,Accessories,586.9907496813499,4,2347.9629987254
671,2024-04-25 09:30:41,P004,Accessories,888.594577273583,1,888.594577273583
672,2024-04-03 09:56:06,P070,Clothing,281.94913308166605,3,845.8473992449981
673,2024-04-25 22:23:18,P086,Electronics,791.1319839525247,1,791.1319839525247
674,2024-04-29 19:16:16,P057,Accessories,197.63224036608247,2,395.26448073216494
675,2024-04-09 00:39:55,P050,Clothing,559.2086732660916,1,559.2086732660916
676,2024-04-22 09:38:18,P049,Electronics,838.1166999058934,3,2514.35009971768
677,2024-04-19 08:52:00,P047,Accessories,994.7307260635356,4,3978.922904254142
678,2024-04-14 21:11:50,P055,Accessories,139.04723820139304,2,278.0944764027861
679,2024-04-30 22:06:30,P059,Clothing,234.34194618795644,2,468.6838923759129
680,2024-04-08 13:57:34,P025,Accessories,669.6827231227553,1,669.6827231227553
681,2024-04-01 14:14:14,P081,Accessories,365.6507005064437,3,1096.952101519331
682,2024-04-21 01:37:13,P082,Clothing,703.4235448474501,4,2813.6941793898004
683,2024-04-16 01:47:29,P034,Clothing,298.6656531258051,2,597.3313062516102
684,2024-04-19 09:54:10,P054,Electronics,792.5353709230166,2,1585.0707418460331
685,2024-04-03 08:37:50,P012,Clothing,602.4507858171472,2,1204.9015716342944
686,,P025,Accessories,931.8122092655904,3,2795.436627796771
687,2024-04-21 09:16:04,P098,Electronics,858.3404672769218,4,3433.361869107687
688,2024-04-01 22:23:00,P021,Clothing,281.1412166579225,1,281.1412166579225
689,2024-04-25 23:12:09,P027,Clothing,342.8075356767274,3,1028.4226070301822
690,2024-04-22 17:05:00,P016,Clothing,793.9584694154461,4,3175.8338776617843
691,2024-04-16 04:43:40,P032,Accessories,97.86187510080958,1,97.86187510080958
692,2024-04-17 21:53:00,P062,Clothing,273.7027992990069,4,1094.8111971960277
693,2024-04-07 04:35:07,P003,,572.5189552956325,3,1717.5568658868974
694,2024-04-22 15:36:52,P027,Electronics,561.1583504471514,4,2244.6334017886056
695,2024-04-08 05:35:59,P085,Electronics,738.1548230263254,3,2214.4644690789764
696,2024-04-27 23:41:49,P075,Accessories,989.504962740746,1,989.504962740746
697,2024-04-06 22:03:36,P043,Clothing,382.34124959413214,3,1147.0237487823963
698,2024-04-30 09:05:47,P022,Accessories,700.8949166905451,1,700.8949166905451
699,2024-04-14 13:58:52,P076,Electronics,231.93702184286084,2,463.8740436857217
700,2024-04-09 16:30:33,P008,Electronics,614.978019535778,1,614.978019535778
701,2024-04-25 16:39:46,P038,Electronics,242.57465864178693,1,242.57465864178693
702,2024-04-24 22:31:12,P093,Accessories,787.4631028550589,2,1574.9262057101178
703,2024-04-15 05:33:16,P091,Electronics,836.8708523096649,4,3347.4834092386595
704,2024-04-27 01:23:21,P011,Accessories,94.10630127466824,2,188.21260254933648
705,2024-04-22 13:06:07,P098,Electronics,862.5118112768488,4,3450.047245107395
706,2024-04-09 21:26:34,P005,Electronics,591.0255792236127,4,2364.1023168944507
707,2024-04-10 23:50:38,P007,Accessories,336.7672535360689,4,1347.0690141442756
708,2024-04-17 10:10:21,P043,Accessories,134.93265543698374,3,404.7979663109512
709,2024-04-17 22:26:21,P084,Clothing,656.1300751275515,2,1312.260150255103
710,2024-04-22 13:16:07,P068,Electronics,220.94598455724324,3,662.8379536717297
711,2024-04-02 05:20:57,P096,Clothing,102.14960044650346,2,204.2992008930069
712,2024-04-08 14:17:14,P007,Clothing,62.11954160977262,4,248.47816643909047
713,2024-04-28 22:35:09,P007,Clothing,54.22753966052705,3,162.68261898158116
714,2024-04-29 02:19:18,P038,Electronics,373.8485512664829,1,373.8485512664829
715,2024-04-15 02:59:00,P093,Electronics,429.2275011682632,1,429.2275011682632
716,2024-04-15 16:56:14,P015,Clothing,265.76032858594925,3,797.2809857578477
717,2024-04-28 07:52:35,P098,Accessories,774.3276727540326,3,2322.983018262098
718,2024-04-01 11:15:10,P023,Electronics,508.0790821992,2,1016.1581643984
719,2024-04-15 11:59:36,P055,Clothing,477.2446004239587,2,954.4892008479172
720,2024-04-06 06:22:04,P069,Clothing,653.4829878437754,1,653.4829878437754
721,2024-04-27 18:27:42,P068,Accessories,597.9239042972206,3,1793.7717128916618
722,2024-04-11 02:28:18,P002,Clothing,355.14858930514885,4,1420.5943572205954
723,2024-04-05 01:31:30,P019,Electronics,96.58304549036646,3,289.7491364710994
724,2024-04-03 21:43:36,P017,Clothing,555.7815695777078,1,555.7815695777078
725,2024-04-14 06:19:32,P015,Electronics,807.3806556725922,4,3229.5226226903687
726,2024-04-29 13:27:53,P070,Accessories,757.3322119623901,1,757.3322119623901
727,2024-04-06 22:52:44,P012,Clothing,827.6323855639066,4,3310.5295422556264
728,2024-04-27 06:29:01,P078,Electronics,105.66156459311776,2,211.3231291862355
729,2024-04-27 15:14:46,P077,Clothing,133.07701126984637,2,266.15402253969273
730,2024-04-08 06:38:47,P050,,206.1136496752182,2,412.2272993504364
731,2024-04-24 10:12:45,P062,Accessories,808.6361852324719,2,1617.2723704649438
732,2024-04-17 20:22:08,P017,Electronics,761.4454819560789,3,2284.3364458682368
733,2024-04-29 08:17:16,P058,Clothing,111.26335816330688,4,445.0534326532276
734,2024-04-13 19:17:08,P010,Accessories,261.90591247838495,4,1047.6236499135398
735,2024-04-09 14:03:47,P008,Electronics,650.1633143219717,2,1300.3266286439434
736,2024-04-04 21:15:15,P087,Clothing,486.458642242943,2,972.917284485886
737,2024-04-29 21:26:36,P033,Clothing,483.7053153205754,2,967.4106306411508
738,2024-04-26 09:30:56,P024,Electronics,8599.31741444389,3,25797.952243331674
739,,P076,Electronics,894.9701272027181,4,3579.8805088108725
740,2024-04-12 11:27:11,P079,Electronics,835.825729113852,3,2507.477187341556
741,2024-04-03 00:58:30,P035,Clothing,4071.356469708432,1,4071.356469708432
742,2024-04-11 16:23:49,P005,Clothing,564.9115464459445,1,564.9115464459445
743,2024-04-25 21:37:01,P086,Accessories,196.45359750069,3,589.3607925020699
744,2024-04-22 19:14:13,P014,Accessories,925.9098802166344,3,2777.729640649902
745,2024-04-18 08:32:51,P045,Clothing,269.84278855823123,2,539.6855771164625
746,2024-04-03 17:01:12,P006,Clothing,135.64894278749156,1,135.64894278749156
747,2024-04-15 11:07:33,P084,Electronics,170.91253343127207,2,341.82506686254413
748,2024-04-20 14:30:37,P068,Electronics,985.2368435308524,4,3940.947374123409
749,2024-04-10 15:08:00,P071,Clothing,81.97993677912126,2,163.95987355824252
750,2024-04-16 04:16:20,P012,Clothing,966.4773796906454,3,2899.432139071936
751,2024-04-28 01:57:08,P008,Accessories,849.0875895964444,2,1698.175179192889
752,2024-04-04 11:05:52,P035,Accessories,282.5928473970621,3,847.7785421911863
753,2024-04-22 23:01:20,P045,Clothing,330.44262635794314,4,1321.7705054317726
754,2024-04-04 09:01:06,P028,Accessories,933.1611859605014,4,3732.6447438420055
755,2024-04-08 11:34:34,P065,Accessories,377.5363102713125,3,1132.6089308139376
756,2024-04-27 11:24:37,P073,Electronics,992.399177981404,4,3969.596711925616
757,2024-04-26 20:11:36,P064,Clothing,433.5325376765266,1,433.5325376765266
758,2024-04-26 05:00:41,P081,Accessories,655.4729448465673,3,1966.418834539702
759,2024-04-08 12:42:46,P090,Clothing,220.58075091499757,2,441.1615018299951
760,2024-04-09 03:16:49,P025,Accessories,219.40054001095655,1,219.40054001095655
761,2024-04-10 06:19:15,P007,Clothing,929.0848698267176,1,929.0848698267176
762,2024-04-27 06:14:10,P091,Accessories,128.55093895333587,3,385.6528168600077
763,2024-04-02 16:07:04,P096,Clothing,213.69682127576613,3,641.0904638272984
764,2024-04-23 18:17:15,P063,Clothing,326.6039395104904,3,979.8118185314712
765,2024-04-01 17:17:00,P063,Accessories,839.1486042445569,4,3356.5944169782274
766,2024-04-14 00:40:53,P051,Clothing,224.6780577806732,3,674.0341733420196
767,2024-04-24 03:32:42,P037,Accessories,65.89513099629785,4,263.5805239851914
768,2024-04-29 14:08:13,P023,Electronics,998.808667581021,1,998.808667581021
769,2024-04-24 04:11:02,P033,Clothing,671.0096584753004,4,2684.0386339012016
770,2024-04-13 03:53:41,P074,Accessories,459.1860772260465,1,459.1860772260465
771,2024-04-11 21:32:13,P085,Electronics,860.2180975584806,4,3440.8723902339225
772,2024-04-27 09:45:36,P097,Clothing,230.3551295287767,1,230.3551295287767
773,2024-04-19 15:13:26,P076,Electronics,973.2950902839395,3,2919.885270851819
774,2024-04-01 00:22:59,P055,Clothing,617.7257416552992,4,2470.902966621197
775,2024-04-12 19:58:41,P012,Accessories,475.2008284793069,1,475.2008284793069
776,2024-04-05 06:45:44,P023,Clothing,411.25613028824057,1,411.25613028824057
777,2024-04-12 00:44:20,P018,Clothing,903.1451123659816,4,3612.580449463926
778,2024-04-29 13:43:38,P029,Electronics,551.1346729207121,1,551.1346729207121
779,2024-04-29 03:19:13,P030,Clothing,310.70910716918587,4,1242.8364286767437
780,2024-04-16 19:25:57,P043,Electronics,71.09312205940077,1,71.09312205940077
781,2024-04-19 22:29:34,P016,Accessories,127.91401389335088,1,127.91401389335088
782,2024-04-13 19:34:46,P036,Electronics,227.8324675000368,3,683.4974025001104
783,2024-04-15 05:43:23,P058,Clothing,484.0667250040272,4,1936.2669000161088
784,2024-04-05 07:37:38,P032,Electronics,165.72067674939413,1,165.72067674939413
785,2024-04-12 23:38:48,P003,Accessories,75.5222105839532,2,151.0444211679064
786,2024-04-16 08:39:58,P058,Accessories,304.205594188004,3,912.616782564012
787,2024-04-21 18:53:00,P062,Electronics,290.2282985263072,1,290.2282985263072
788,2024-04-25 02:56:28,P081,Electronics,931.4648735559008,4,3725.8594942236023
789,2024-04-27 10:29:12,P063,Accessories,566.0125194131934,1,566.0125194131934
790,2024-04-16 20:12:05,P041,Clothing,874.707630009196,1,874.707630009196
791,2024-04-02 17:22:55,P074,Accessories,419.7118119267798,3,1259.135435780339
792,2024-04-20 21:35:09,P081,Accessories,237.4269508729646,2,474.8539017459292
793,2024-04-20 23:29:22,P042,Electronics,390.4125528913825,3,1171.2376586741475
794,2024-04-14 14:05:14,P065,Accessories,154.92105496343984,2,309.8421099268797
795,2024-04-12 01:50:03,P049,Clothing,663.3704041614819,2,1326.740808322964
796,2024-04-26 12:08:29,P014,Electronics,987.78762518707,4,3951.15050074828
797,2024-04-12 10:24:51,P015,Accessories,840.2912224257318,1,840.2912224257318
798,2024-04-23 01:56:45,P052,Accessories,14.22546696652384,1,14.22546696652384
799,2024-04-19 17:11:02,P097,Clothing,843.6579770318009,1,843.6579770318009
800,2024-04-03 13:03:05,P071,Accessories,756.1626471354961,1,756.1626471354961
801,2024-04-12 16:06:30,P003,Electronics,615.2347168659693,1,615.2347168659693
802,2024-04-06 10:27:15,P068,Clothing,764.7465849416866,2,1529.4931698833732
803,2024-04-25 09:48:19,P054,Clothing,221.71146779325417,1,221.71146779325417
804,2024-04-30 07:56:25,P025,Clothing,745.3480938868215,4,2981.392375547286
805,2024-04-19 20:41:29,P034,Accessories,703.6213390085338,1,703.6213390085338
806,2024-04-11 12:35:27,P049,Electronics,376.7051331707024,2,753.4102663414048
807,2024-04-27 06:46:56,P009,Accessories,658.81054070816,2,1317.62108141632
808,2024-04-27 12:46:27,P039,Electronics,200.9943775980825,4,803.97751039233
809,2024-04-01 05:48:28,P069,Electronics,842.312168558943,3,2526.936505676829
810,2024-04-11 20:14:07,P053,Electronics,322.18984823858176,1,322.18984823858176
811,2024-04-11 00:46:20,P052,Electronics,566.566700264872,3,1699.700100794616
812,2024-04-23 18:13:23,P034,Electronics,606.7475291562336,1,606.7475291562336
813,2024-04-27 16:26:41,P003,Electronics,198.19549541976824,3,594.5864862593048
814,2024-04-06 05:01:57,P097,Electronics,766.7693872509547,3,2300.308161752864
815,2024-04-05 08:16:21,P062,Electronics,298.7623989362292,2,597.5247978724584
816,2024-04-12 11:07:30,P088,Electronics,584.2648057726524,2,1168.5296115453048
817,2024-04-17 23:35:20,P062,Accessories,343.9497284902326,2,687.8994569804652
818,2024-04-15 00:28:40,P095,Accessories,975.7657696279362,1,975.7657696279362
819,2024-04-25 01:25:15,P025,Accessories,196.5944422756976,3,589.7833268270927
820,2024-04-19 05:44:24,P013,Electronics,901.833853168486,1,901.833853168486
821,2024-04-22 03:59:59,P057,Electronics,759.0029887819818,3,2277.0089663459453
822,2024-04-14 14:55:59,P084,Clothing,376.0472974094618,3,1128.1418922283854
823,2024-04-04 20:21:21,P034,Accessories,894.2823299135736,4,3577.1293196542942
824,2024-04-03 10:43:21,P050,Accessories,817.4568481659854,1,817.4568481659854
825,2024-04-15 10:39:11,P084,Electronics,736.8123133546611,1,736.8123133546611
826,2024-04-16 13:41:38,P062,Electronics,659.6785889050793,2,1319.3571778101586
827,2024-04-16 16:00:33,P075,Electronics,67.28003783398091,3,201.84011350194277
828,2024-04-18 22:55:11,P082,Electronics,415.7207663306205,4,1662.883065322482
829,2024-04-26 22:19:53,P078,Electronics,49.30094921284966,3,147.90284763854896
830,2024-04-05 19:34:57,P097,Electronics,685.4173986074811,1,685.4173986074811
831,2024-04-28 16:40:18,P058,Clothing,201.76118008840317,4,807.0447203536125
832,2024-04-11 00:21:27,P070,Electronics,92.15271269178884,3,276.4581380753665
833,2024-04-19 03:24:34,P094,Accessories,35.32604128223883,4,141.30416512895533
834,2024-04-12 00:57:49,P028,Clothing,14.84519740834114,1,14.84519740834114
835,2024-04-21 22:44:35,P037,Clothing,582.3345415631505,3,1747.0036246894515
836,2024-04-02 15:53:57,P083,Clothing,646.4936568530777,2,1292.9873137061554
837,2024-04-11 00:14:19,P035,Clothing,911.0125524339882,1,911.0125524339882
838,2024-04-17 02:42:52,P090,Accessories,817.9802467109743,1,817.9802467109743
839,2024-04-02 18:59:52,P078,Clothing,110.64369604608628,3,331.9310881382589
840,2024-04-19 15:38:47,P012,Accessories,610.4120646569402,4,2441.6482586277607
841,2024-04-17 11:50:30,P052,Accessories,935.8098665578424,4,3743.239466231369
842,2024-04-14 16:41:31,P040,Accessories,922.6436875899516,3,2767.931062769854
843,2024-04-28 16:34:04,P075,Accessories,185.08219134101824,3,555.2465740230547
844,2024-04-17 06:55:55,P033,Clothing,441.96764094228985,2,883.9352818845797
845,2024-04-14 09:06:22,P099,Clothing,522.4292024214369,3,1567.2876072643107
846,2024-04-16 00:40:09,P007,Electronics,323.1720945583219,3,969.5162836749656
847,2024-04-24 22:04:32,P026,Accessories,769.1680433651551,3,2307.5041300954654
848,2024-04-04 03:08:53,P093,Accessories,699.9474845541941,3,2099.8424536625826
849,2024-04-01 02:24:01,P093,Clothing,826.6909256124002,1,826.6909256124002
850,2024-04-06 18:29:48,P048,Electronics,233.82757939530524,2,467.65515879061047
851,2024-04-25 14:20:08,P068,Electronics,332.01758518003027,3,996.0527555400909
852,2024-04-09 11:30:55,P065,Accessories,573.1661922767884,4,2292.664769107153
853,2024-04-12 02:18:43,P061,Electronics,12.735107851686813,4,50.94043140674725
854,2024-04-30 18:20:02,P080,Electronics,139.35208295295757,3,418.0562488588727
855,2024-04-22 17:24:39,P074,Clothing,679.4301530741232,2,1358.8603061482463
856,2024-04-24 09:28:22,P036,Clothing,543.4685616290725,2,1086.937123258145
857,2024-04-08 03:03:53,P045,Clothing,872.2541889508743,3,2616.762566852623
858,2024-04-30 09:43:42,P018,Clothing,611.9917339410086,2,1223.9834678820173
859,2024-04-01 07:42:22,P028,Clothing,235.8372043763778,4,943.3488175055112
860,2024-04-02 20:26:52,P077,Clothing,663.5123655452794,3,1990.5370966358385
861,2024-04-17 15:32:21,P043,Electronics,922.2241771219196,3,2766.6725313657585
862,2024-04-23 23:45:35,P006,Electronics,868.359925487178,4,3473.439701948712
863,2024-04-09 11:13:03,P078,Clothing,523.6568135559372,1,523.6568135559372
864,2024-04-13 12:46:40,P040,Electronics,633.527842595932,3,1900.583527787796
865,2024-04-30 09:18:51,P015,Clothing,36.20083829557191,2,72.40167659114383
866,2024-04-14 12:31:08,P080,Accessories,602.1965089714064,4,2408.7860358856256
867,2024-04-07 22:34:27,P041,Electronics,302.533832415093,2,605.067664830186
868,2024-04-08 19:09:02,P053,Clothing,854.4426647834063,3,2563.327994350219
869,2024-04-09 15:31:14,P011,Electronics,920.41654026247,2,1840.83308052494
870,2024-04-22 16:49:31,P062,Accessories,475.02825812027726,1,475.02825812027726
871,2024-04-29 02:00:16,P092,Electronics,598.7411930624887,2,1197.4823861249774
872,2024-04-27 01:47:53,P094,Clothing,781.5840785488106,3,2344.7522356464315
873,2024-04-17 10:06:39,P030,Accessories,725.1651649755813,1,725.1651649755813
874,2024-04-30 20:44:57,P052,Electronics,598.8036386689913,3,1796.4109160069738
875,2024-04-19 05:20:20,P091,Accessories,443.0130208782298,2,886.0260417564597
876,2024-04-03 05:13:49,P079,Clothing,196.3839777189237,3,589.151933156771
877,2024-04-21 02:31:02,P099,Accessories,514.6675359736676,1,514.6675359736676
878,2024-04-24 15:07:43,P061,Accessories,810.8248045879843,1,810.8248045879843
879,2024-04-20 05:54:36,P008,Accessories,509.8161030979884,1,509.8161030979884
880,2024-04-29 19:08:24,P038,Electronics,937.9281261287362,2,1875.8562522574723
881,2024-04-25 21:12:36,P024,Electronics,244.17726667865315,3,732.5318000359595
882,2024-04-24 18:55:12,P039,Clothing,704.0715175071367,2,1408.1430350142734
883,2024-04-21 03:46:41,P068,Electronics,204.81531159248385,3,614.4459347774515
884,2024-04-09 04:30:03,P089,Electronics,146.43477756120765,2,292.8695551224153
885,2024-04-22 09:37:34,P045,Clothing,177.58394995246735,2,355.1678999049347
886,2024-04-18 13:00:32,P029,Accessories,583.073285536725,4,2332.2931421469
887,2024-04-13 20:38:10,P054,Electronics,432.54119636923286,3,1297.6235891076983
888,2024-04-11 19:00:58,P095,Clothing,556.0205940422416,1,556.0205940422416
889,2024-04-05 12:37:33,P020,Accessories,379.9600843886796,2,759.9201687773591
890,2024-04-02 00:14:43,P041,Electronics,603.3671572910224,2,1206.7343145820448
891,2024-04-07 17:58:13,P055,Clothing,959.1610333101904,3,2877.483099930572
892,2024-04-18 23:35:50,P087,Accessories,31.99081783276028,3,95.97245349828084
893,2024-04-02 22:17:00,P027,Clothing,137.74784065791255,4,550.9913626316502
894,2024-04-14 01:36:55,P038,Accessories,292.41128304262696,1,292.41128304262696
895,2024-04-26 11:52:38,P097,Electronics,144.47135137227517,2,288.9427027445504
896,2024-04-24 02:36:05,P040,Accessories,519.8866187961064,2,1039.7732375922128
897,2024-04-13 15:22:32,P072,Accessories,766.1165104854639,2,1532.2330209709278
898,2024-04-11 15:14:38,P029,Accessories,612.8656366381606,1,612.8656366381606
899,2024-04-06 04:51:17,P092,Clothing,770.6801426582745,1,770.6801426582745
900,2024-04-06 01:08:49,P063,Accessories,88.78444190004102,2,177.56888380008203
901,2024-04-05 14:45:36,P068,Accessories,887.8877522992144,1,887.8877522992144
902,2024-04-23 04:18:14,P082,Clothing,112.89979958713094,3,338.69939876139284
903,2024-04-01 07:11:35,P046,Accessories,973.9969392382852,1,973.9969392382852
904,2024-04-20 04:21:14,P008,Electronics,178.20247232844667,1,178.20247232844667
905,2024-04-23 02:23:18,P035,Accessories,551.1962801751298,2,1102.3925603502596
906,2024-04-06 22:38:36,P095,Clothing,324.91425424023896,3,974.7427627207168
907,2024-04-19 19:36:16,P052,Electronics,41.38896857181103,1,41.38896857181103
908,2024-04-16 06:19:24,P035,Accessories,379.8667178277152,1,379.8667178277152
909,2024-04-30 14:05:15,P019,Accessories,664.1811312323761,2,1328.362262464752
910,2024-04-23 07:20:06,P008,Clothing,71.88078743634244,3,215.64236230902733
911,2024-04-29 15:42:25,P002,Electronics,542.1747506117532,3,1626.5242518352595
912,2024-04-30 11:40:04,P073,Accessories,825.6710688346571,2,1651.3421376693143
913,2024-04-05 22:27:58,P050,Accessories,157.86991985104015,4,631.4796794041606
914,2024-04-09 19:29:59,P092,Clothing,689.3283757116745,1,689.3283757116745
915,2024-04-10 14:25:51,P019,Electronics,458.6587316037164,2,917.3174632074328
916,2024-04-08 11:26:25,P078,Accessories,536.6814493700732,1,536.6814493700732
917,2024-04-08 18:53:13,P064,Accessories,725.0126918446899,1,725.0126918446899
918,2024-04-17 08:09:59,P002,Accessories,334.3631707018555,1,334.3631707018555
919,2024-04-27 23:43:10,P071,Electronics,222.57676496820855,1,222.57676496820855
920,2024-04-08 04:22:11,P028,Electronics,163.4131335653883,2,326.8262671307766
921,2024-04-30 05:05:17,P078,Clothing,136.0392213201014,4,544.1568852804056
922,2024-04-03 20:51:45,P007,Electronics,705.1934077584151,2,1410.3868155168302
923,2024-04-07 01:01:47,P038,Accessories,415.9054448551698,3,1247.7163345655094
924,2024-04-06 11:41:25,P062,Accessories,435.3554299837257,4,1741.4217199349027
925,,P096,Electronics,923.7445711447764,4,3694.978284579105
926,2024-04-24 03:00:16,P070,Accessories,384.6241184091997,3,1153.8723552275992
927,2024-04-20 01:51:15,P001,Clothing,684.2477626927636,2,1368.4955253855271
928,2024-04-27 08:00:48,P074,Clothing,890.6431934919027,3,2671.929580475708
929,2024-04-21 17:30:01,P014,Electronics,224.3296463208308,3,672.9889389624923
930,2024-04-28 07:20:23,P004,Accessories,998.458453723678,1,998.458453723678
931,2024-04-10 10:06:21,P087,Clothing,78.59156415954911,4,314.36625663819643
932,2024-04-25 07:17:40,P027,Electronics,952.1397598613188,2,1904.2795197226376
933,2024-04-29 09:55:18,P063,Clothing,633.9386630154769,3,1901.8159890464308
934,2024-04-28 08:35:18,P004,Electronics,656.3239924981613,1,656.3239924981613
935,2024-04-04 23:50:46,P080,Electronics,75.14917147379688,1,75.14917147379688
936,2024-04-28 00:50:10,P024,Accessories,147.63408586486364,4,590.5363434594545
937,2024-04-28 16:09:38,P026,Clothing,473.6819805123677,2,947.3639610247354
938,2024-04-25 05:44:34,P039,Clothing,855.4701840418659,2,1710.9403680837318
939,2024-04-17 08:30:07,P039,Accessories,223.9020334664761,3,671.7061003994284
940,2024-04-04 10:04:00,P002,Accessories,55.550120170477655,1,55.550120170477655
941,2024-04-19 21:58:27,P002,Clothing,967.0835849497884,4,3868.3343397991534
942,2024-04-06 16:15:33,P091,Accessories,338.1986820500195,4,1352.794728200078
943,2024-04-02 20:54:54,P019,Electronics,101.02106029431994,3,303.06318088295984
944,2024-04-28 15:22:57,P012,Electronics,616.3513091604434,4,2465.4052366417736
945,2024-04-29 09:29:20,P002,Accessories,683.3425279838,4,2733.3701119352
946,2024-04-10 23:07:00,P072,Electronics,887.0394969433568,2,1774.0789938867135
947,2024-04-24 14:28:20,P079,Accessories,853.724691783808,1,853.724691783808
948,2024-04-27 04:51:32,P015,Clothing,205.27350004313664,3,615.8205001294099
949,2024-04-04 05:29:14,P076,Accessories,598.4227030005876,4,2393.6908120023504
950,2024-04-15 07:00:35,P005,Electronics,746.5208982428345,1,746.5208982428345
951,2024-04-21 18:33:31,P082,Clothing,745.9243752665149,3,2237.7731257995447
952,2024-04-13 20:00:55,P093,Electronics,440.42447748022187,2,880.8489549604437
953,2024-04-20 08:47:00,P070,Clothing,916.1786970455988,3,2748.536091136797
954,2024-04-29 16:45:28,P041,Clothing,354.2112130108668,4,1416.8448520434672
955,2024-04-13 02:49:35,P068,Accessories,853.1981636970959,1,853.1981636970959
956,2024-04-15 11:41:37,P087,Electronics,505.6762804341016,3,1517.0288413023047
957,2024-04-14 19:56:08,P053,Electronics,583.7365592449172,2,1167.4731184898344
958,2024-04-30 17:52:56,P071,Clothing,533.8256258845715,4,2135.302503538286
959,2024-04-13 23:55:49,P031,Electronics,203.7696713745954,1,203.7696713745954
960,2024-04-29 20:46:38,P070,Accessories,232.1320502351953,2,464.2641004703906
961,2024-04-03 06:42:31,P045,Clothing,627.0145048496978,4,2508.058019398791
962,2024-04-02 06:43:17,P050,Electronics,137.90829953735368,3,413.72489861206105
963,2024-04-11 07:50:02,P089,Accessories,451.6040456225643,1,451.6040456225643
964,2024-04-15 22:57:18,P084,Clothing,246.69292388849829,3,740.0787716654949
965,2024-04-09 21:36:24,P038,Electronics,715.3338446037347,1,715.3338446037347
966,2024-04-25 03:14:45,P029,Accessories,449.1348466747438,1,449.1348466747438
967,2024-04-18 18:22:06,P077,Clothing,46.630310536961616,2,93.26062107392325
968,2024-04-02 08:07:30,P070,Electronics,964.1198796410068,2,1928.2397592820132
969,2024-04-22 00:31:24,P015,Accessories,182.4226481305548,3,547.2679443916644
970,2024-04-14 23:52:13,P036,Accessories,524.7180269193727,4,2098.872107677491
971,2024-04-23 18:04:25,P089,Electronics,940.9584171929567,1,940.9584171929567
972,2024-04-22 20:25:24,P037,Electronics,198.5447696558169,4,794.1790786232676
973,2024-04-25 11:06:24,P027,Electronics,300.84810251525755,3,902.5443075457728
974,2024-04-07 06:12:03,P026,Electronics,791.5259947816262,4,3166.103979126505
975,2024-04-05 01:27:43,P011,Electronics,118.76928514782712,3,356.3078554434814
976,2024-04-10 07:27:27,P025,Accessories,409.0292364778049,1,409.0292364778049
977,2024-04-03 04:46:29,P067,Accessories,716.0115469702972,3,2148.0346409108915
978,2024-04-26 09:27:43,P009,Electronics,18.74223107210961,3,56.22669321632883
979,2024-04-15 22:53:28,P037,Electronics,466.8299144341475,1,466.8299144341475
980,2024-04-02 02:05:23,P036,Electronics,85.40517528434157,1,85.40517528434157
981,2024-04-04 15:59:38,P096,Accessories,528.1482409156494,2,1056.2964818312987
982,2024-04-11 19:35:28,P068,Clothing,383.453727383596,1,383.453727383596
983,2024-04-24 17:45:59,P069,Electronics,981.6247901699252,3,2944.8743705097754
984,2024-04-01 02:31:42,P051,Accessories,116.35685777300009,2,232.71371554600012
985,2024-04-17 12:53:04,P075,Electronics,491.8806718586646,2,983.7613437173292
986,2024-04-30 11:08:20,P038,Clothing,401.3025054798219,4,1605.2100219192876
987,2024-04-04 15:24:38,P032,Clothing,12.496398596451767,1,12.496398596451767
988,2024-04-26 23:04:02,P090,Accessories,630.1706451722044,4,2520.682580688818
989,2024-04-21 21:26:27,P075,Accessories,427.58143703173386,3,1282.7443110952015
990,2024-04-24 15:01:29,P014,Clothing,708.3341670038786,2,1416.6683340077573
991,2024-04-26 12:46:04,P071,Electronics,900.9676272371826,3,2702.902881711548
992,2024-04-23 14:18:42,P067,Accessories,400.0340173552936,3,1200.1020520658808
993,2024-04-26 07:07:29,P005,Clothing,783.0936561998835,3,2349.280968599651
994,2024-04-08 05:40:45,P011,Clothing,403.5205447625234,1,403.5205447625234
995,2024-04-19 17:48:27,P072,Electronics,933.822997712911,1,933.822997712911
996,2024-04-26 05:10:14,P014,Accessories,53.95925964176771,4,215.83703856707083
997,2024-04-10 08:22:12,P093,Accessories,36.74798257253524,2,73.49596514507047
998,2024-04-10 20:48:17,P067,Accessories,612.670878087421,4,2450.683512349684
999,2024-04-30 08:14:59,P046,Clothing,356.6955875293918,1,356.6955875293918
1000,2024-04-10 06:31:05,P002,Clothing,774.2045043041259,4,3096.8180172165034
